episode,reward,energy_cost,comfort,emissions,peak_demand,battery_usage,cost_component,comfort_component,carbon_component,peak_component,battery_component
10,13.761998574727034,-96.65448116463152,0.007924600269961456,-0.1720769929315911,9.463600920306224,5.571184635704187,8.046709344862808,6.475947982049267e-07,0.0019081038035870372,-0.0,-0.059999999999999984
20,22.91773184588111,-230.86077880619374,0.06333462121172799,-0.20997079731148158,16.013500890515857,85.02416090028747,21.099143974838828,0.0054371400420236,-0.001553358668630949,-22.208409100567376,-0.059999999999999984
30,23.843179926191244,-170.09649052482786,4.672953864928756e-06,-0.12404772800215333,13.55667134252081,141.74203613515587,-5.134581440692557,6.475947982049267e-07,0.0035390236124579703,-0.0,-0.08222572803497341
40,14.723611410004787,-122.45256432914432,0.009421447834449164,-0.12342281168243616,13.427532142534877,109.26555097256482,3.5097852704167347,1.0617917604309737e-05,0.0016123893988897518,-0.0,-0.059999999999999984
50,25.270121809252515,-227.65721792461852,0.0038501108518380366,-0.16567737906922742,14.168940019391588,82.99938651296549,10.324033079606727,1.9636893220135846e-05,0.002325069680736385,-0.2763030110777976,1.0045701385641086
